name,count,device_type,self_cpu_us,self_device_us
aten::conv2d,3,DeviceType.CPU,9.54699999999957,0.0
aten::convolution,3,DeviceType.CPU,9.96800000000485,0.0
aten::_convolution,3,DeviceType.CPU,43.51399999999012,0.0
aten::cudnn_convolution,3,DeviceType.CPU,116.85899999999572,182.43099999998822
Activity Buffer Request,1,DeviceType.CPU,739.599,60.86400000000003
cudaLaunchKernel,4842,DeviceType.CPU,20617.748000000232,0
cudaGetErrorString,3,DeviceType.CPU,1.0620000000074015,0
aten::reshape,1050,DeviceType.CPU,460.9399999999886,0
aten::view,2106,DeviceType.CPU,966.3970000001922,0
aten::add_,147,DeviceType.CPU,568.0640000000126,450.5189999999923
aten::flatten,147,DeviceType.CPU,119.9679999999762,0
aten::transpose,435,DeviceType.CPU,305.32799999980637,0
aten::as_strided,861,DeviceType.CPU,366.65900000006036,0
aten::expand,153,DeviceType.CPU,125.95699999998226,0
"void implicit_convolve_sgemm<__nv_bfloat16, __nv_bfloat16, 1024, 5, 5, 3, 3, 3, 1, false, false, true>(int, int, int, __nv_bfloat16 const*, int, __nv_bfloat16*, __nv_bfloat16 const*, kernel_conv_params, unsigned long long, int, float, float, int, __nv_bfloat16 const*, __nv_bfloat16 const*, bool, bool, int, int)",3,DeviceType.CUDA,0,182.43099999998822
aten::cat,6,DeviceType.CPU,64.20300000000975,16.254999999991014
aten::to,1884,DeviceType.CPU,639.6139999998287,0.0
aten::_to_copy,732,DeviceType.CPU,1123.8010000003183,0.0
aten::empty_strided,1200,DeviceType.CPU,3076.7440000000483,0
aten::copy_,876,DeviceType.CPU,3362.3380000000016,4830.988999999846
"void at::native::elementwise_kernel<128, 4, at::native::gpu_kernel_impl_nocast<at::native::CUDAFunctor_add<c10::BFloat16> >(at::TensorIteratorBase&, at::native::CUDAFunctor_add<c10::BFloat16> const&)::{lambda(int)#1}>(int, at::native::gpu_kernel_impl_nocast<at::native::CUDAFunctor_add<c10::BFloat16> >(at::TensorIteratorBase&, at::native::CUDAFunctor_add<c10::BFloat16> const&)::{lambda(int)#1})",147,DeviceType.CUDA,0,450.5189999999923
"void at::native::(anonymous namespace)::CatArrayBatchedCopy<at::native::(anonymous namespace)::OpaqueType<2u>, unsigned int, 3, 64, 64>(at::native::(anonymous namespace)::OpaqueType<2u>*, at::native::(anonymous namespace)::CatArrInputTensorMetadata<at::native::(anonymous namespace)::OpaqueType<2u>, unsigned int, 64, 64>, at::native::(anonymous namespace)::TensorSizeStride<unsigned int, 4u>, int, unsigned int)",3,DeviceType.CUDA,0,12.063999999998487
aten::select,114,DeviceType.CPU,111.51999999996383,0
"void at::native::unrolled_elementwise_kernel<at::native::direct_copy_kernel_cuda(at::TensorIteratorBase&)::{lambda()#3}::operator()() const::{lambda()#7}::operator()() const::{lambda(float)#1}, std::array<char*, 2ul>, 4, TrivialOffsetCalculator<1, unsigned int>, TrivialOffsetCalculator<1, unsigned int>, at::native::memory::LoadWithCast<1>, at::native::memory::StoreWithCast<1> >(int, at::native::direct_copy_kernel_cuda(at::TensorIteratorBase&)::{lambda()#3}::operator()() const::{lambda()#7}::operator()() const::{lambda(float)#1}, std::array<char*, 2ul>, TrivialOffsetCalculator<1, unsigned int>, TrivialOffsetCalculator<1, unsigned int>, at::native::memory::LoadWithCast<1>, at::native::memory::StoreWithCast<1>)",9,DeviceType.CUDA,0,26.945999999994683
aten::slice,6,DeviceType.CPU,6.0810000000028595,0
aten::permute,6,DeviceType.CPU,5.971000000016829,0
aten::upsample_bicubic2d,3,DeviceType.CPU,33.214000000010174,6622.573000000004
aten::zero_,291,DeviceType.CPU,308.57500000001755,0.0
aten::fill_,435,DeviceType.CPU,1009.451999999993,409.97900000008235
"void at::native::vectorized_elementwise_kernel<4, at::native::FillFunctor<float>, std::array<char*, 1ul> >(int, at::native::FillFunctor<float>, std::array<char*, 1ul>)",3,DeviceType.CUDA,0,2.78500000000372
"void at::native::(anonymous namespace)::upsample_bicubic2d_out_frame<float, float>(int, float, float, bool, torch::headeronly::detail::GenericPackedTensorAccessor<torch::headeronly::detail::TensorAccessor<c10::ArrayRef<long>, float const, 3ul, torch::headeronly::DefaultPtrTraits, long>, at::detail::IndexBoundsCheck<4ul, long>, float const, 4ul, torch::headeronly::DefaultPtrTraits, long>, torch::headeronly::detail::GenericPackedTensorAccessor<torch::headeronly::detail::TensorAccessor<c10::ArrayRef<long>, float, 3ul, torch::headeronly::DefaultPtrTraits, long>, at::detail::IndexBoundsCheck<4ul, long>, float, 4ul, torch::headeronly::DefaultPtrTraits, long>)",3,DeviceType.CUDA,0,6622.573000000004
aten::unsqueeze,3,DeviceType.CPU,3.2659999999764295,0
aten::add,219,DeviceType.CPU,1116.3860000000452,652.9570000000199
aten::layer_norm,75,DeviceType.CPU,111.80000000000564,0.0
aten::native_layer_norm,75,DeviceType.CPU,507.7209999999998,283.83500000003687
aten::empty,729,DeviceType.CPU,1811.3670000001625,0
torchao::choose_qparams_affine,144,DeviceType.CPU,7317.804999999996,0.0
aten::amin,144,DeviceType.CPU,1509.0989999998656,581.9869999999964
aten::amax,144,DeviceType.CPU,812.0429999999615,583.179000000081
aten::zeros_like,288,DeviceType.CPU,363.4699999999466,0.0
aten::empty_like,612,DeviceType.CPU,522.9069999997691,0
aten::min,144,DeviceType.CPU,99.73100000003706,0.0
aten::minimum,144,DeviceType.CPU,697.4860000000094,203.6170000000243
aten::max,288,DeviceType.CPU,154.26900000012552,0.0
aten::maximum,288,DeviceType.CPU,1072.2229999999402,399.5859999999675
aten::neg,144,DeviceType.CPU,569.110000000014,168.387000000017
aten::div,150,DeviceType.CPU,789.6349999999779,182.3019999999383
aten::full_like,144,DeviceType.CPU,162.59900000002926,0.0
aten::clamp,288,DeviceType.CPU,1498.328999999948,428.89700000003813
torchao::quantize_affine,144,DeviceType.CPU,5991.295000000104,0.0
aten::reciprocal,144,DeviceType.CPU,1049.627999999917,208.1600000000235
aten::mul,936,DeviceType.CPU,4860.354999999899,3281.467000000153
_Round,144,DeviceType.CPU,1155.677000000036,0.0
aten::round,144,DeviceType.CPU,669.5450000000421,186.97399999999288
aten::t,144,DeviceType.CPU,111.8020000000422,0
aten::contiguous,144,DeviceType.CPU,93.46400000003587,0.0
aten::clone,144,DeviceType.CPU,209.03499999999167,0.0
aten::_int_mm,144,DeviceType.CPU,1827.080000000001,6407.783000000056
cudaDeviceGetAttribute,288,DeviceType.CPU,74.96400000003996,0
cudaOccupancyMaxActiveBlocksPerMultiprocessorWithFlags,288,DeviceType.CPU,171.43599999997468,0
aten::sum,144,DeviceType.CPU,1238.5110000000363,719.9370000000945
aten::sub,144,DeviceType.CPU,629.666999999994,215.07300000000623
aten::unbind,36,DeviceType.CPU,55.81200000004401,0
aten::scaled_dot_product_attention,36,DeviceType.CPU,218.84200000000465,0.0
aten::_scaled_dot_product_flash_attention,36,DeviceType.CPU,111.28300000002287,0.0
aten::_flash_attention_forward,36,DeviceType.CPU,334.58799999995927,338.46599999999853
cudaFuncSetAttribute,36,DeviceType.CPU,39.784000000006245,0
aten::dropout,108,DeviceType.CPU,50.080999999982396,0
"void at::native::(anonymous namespace)::CatArrayBatchedCopy_vectorized<at::native::(anonymous namespace)::OpaqueType<4u>, unsigned int, 2, 128, 1, 16, 4>(char*, at::native::(anonymous namespace)::CatArrInputTensorMetadata<at::native::(anonymous namespace)::OpaqueType<4u>, unsigned int, 128, 1>, at::native::(anonymous namespace)::TensorSizeStride<unsigned int, 4u>, int, unsigned int)",3,DeviceType.CUDA,0,4.190999999992528
"void at::native::vectorized_elementwise_kernel<4, at::native::bfloat16_copy_kernel_cuda(at::TensorIteratorBase&)::{lambda(float)#1}, std::array<char*, 2ul> >(int, at::native::bfloat16_copy_kernel_cuda(at::TensorIteratorBase&)::{lambda(float)#1}, std::array<char*, 2ul>)",3,DeviceType.CUDA,0,3.679999999993015
"void at::native::vectorized_elementwise_kernel<4, at::native::CUDAFunctor_add<c10::BFloat16>, std::array<char*, 3ul> >(int, at::native::CUDAFunctor_add<c10::BFloat16>, std::array<char*, 3ul>)",219,DeviceType.CUDA,0,307.61700000003066
"void at::native::(anonymous namespace)::vectorized_layer_norm_kernel<c10::BFloat16, float, false>(int, float, c10::BFloat16 const*, c10::BFloat16 const*, c10::BFloat16 const*, float*, float*, c10::BFloat16*)",75,DeviceType.CUDA,0,283.83500000003687
aten::gelu,36,DeviceType.CPU,188.87399999996433,73.82700000003115
"void at::native::reduce_kernel<512, 1, at::native::ReduceOp<c10::BFloat16, at::native::func_wrapper_t<c10::BFloat16, at::native::MinNanFunctor<c10::BFloat16> >, unsigned int, c10::BFloat16, 4, 4> >(at::native::ReduceOp<c10::BFloat16, at::native::func_wrapper_t<c10::BFloat16, at::native::MinNanFunctor<c10::BFloat16> >, unsigned int, c10::BFloat16, 4, 4>)",144,DeviceType.CUDA,0,581.9869999999964
"void at::native::reduce_kernel<512, 1, at::native::ReduceOp<c10::BFloat16, at::native::func_wrapper_t<c10::BFloat16, at::native::MaxNanFunctor<c10::BFloat16> >, unsigned int, c10::BFloat16, 4, 4> >(at::native::ReduceOp<c10::BFloat16, at::native::func_wrapper_t<c10::BFloat16, at::native::MaxNanFunctor<c10::BFloat16> >, unsigned int, c10::BFloat16, 4, 4>)",144,DeviceType.CUDA,0,583.179000000081
"void at::native::vectorized_elementwise_kernel<4, at::native::FillFunctor<c10::BFloat16>, std::array<char*, 1ul> >(int, at::native::FillFunctor<c10::BFloat16>, std::array<char*, 1ul>)",432,DeviceType.CUDA,0,407.19400000007863
"void at::native::vectorized_elementwise_kernel<4, at::native::BinaryFunctor<c10::BFloat16, c10::BFloat16, c10::BFloat16, at::native::minimum_kernel_cuda(at::TensorIteratorBase&)::{lambda()#2}::operator()() const::{lambda()#4}::operator()() const::{lambda(c10::BFloat16, c10::BFloat16)#1}>, std::array<char*, 3ul> >(int, at::native::BinaryFunctor<c10::BFloat16, c10::BFloat16, c10::BFloat16, at::native::minimum_kernel_cuda(at::TensorIteratorBase&)::{lambda()#2}::operator()() const::{lambda()#4}::operator()() const::{lambda(c10::BFloat16, c10::BFloat16)#1}>, std::array<char*, 3ul>)",144,DeviceType.CUDA,0,203.6170000000243
"void at::native::vectorized_elementwise_kernel<4, at::native::BinaryFunctor<c10::BFloat16, c10::BFloat16, c10::BFloat16, at::native::maximum_kernel_cuda(at::TensorIteratorBase&)::{lambda()#2}::operator()() const::{lambda()#4}::operator()() const::{lambda(c10::BFloat16, c10::BFloat16)#1}>, std::array<char*, 3ul> >(int, at::native::BinaryFunctor<c10::BFloat16, c10::BFloat16, c10::BFloat16, at::native::maximum_kernel_cuda(at::TensorIteratorBase&)::{lambda()#2}::operator()() const::{lambda()#4}::operator()() const::{lambda(c10::BFloat16, c10::BFloat16)#1}>, std::array<char*, 3ul>)",288,DeviceType.CUDA,0,399.5859999999675
"void at::native::vectorized_elementwise_kernel<4, at::native::neg_kernel_cuda(at::TensorIteratorBase&)::{lambda()#2}::operator()() const::{lambda()#9}::operator()() const::{lambda(c10::BFloat16)#1}, std::array<char*, 2ul> >(int, at::native::neg_kernel_cuda(at::TensorIteratorBase&)::{lambda()#2}::operator()() const::{lambda()#9}::operator()() const::{lambda(c10::BFloat16)#1}, std::array<char*, 2ul>)",144,DeviceType.CUDA,0,168.387000000017
"void at::native::vectorized_elementwise_kernel<4, at::native::BUnaryFunctor<c10::BFloat16, c10::BFloat16, c10::BFloat16, at::native::binary_internal::MulFunctor<float> >, std::array<char*, 2ul> >(int, at::native::BUnaryFunctor<c10::BFloat16, c10::BFloat16, c10::BFloat16, at::native::binary_internal::MulFunctor<float> >, std::array<char*, 2ul>)",144,DeviceType.CUDA,0,171.90199999993683
"void at::native::vectorized_elementwise_kernel<4, at::native::(anonymous namespace)::launch_clamp_scalar(at::TensorIteratorBase&, c10::Scalar, c10::Scalar, at::native::detail::ClampLimits)::{lambda()#1}::operator()() const::{lambda()#9}::operator()() const::{lambda(c10::BFloat16)#1}, std::array<char*, 2ul> >(int, at::native::(anonymous namespace)::launch_clamp_scalar(at::TensorIteratorBase&, c10::Scalar, c10::Scalar, at::native::detail::ClampLimits)::{lambda()#1}::operator()() const::{lambda()#9}::operator()() const::{lambda(c10::BFloat16)#1}, std::array<char*, 2ul>)",288,DeviceType.CUDA,0,428.89700000003813
"void at::native::unrolled_elementwise_kernel<at::native::direct_copy_kernel_cuda(at::TensorIteratorBase&)::{lambda()#3}::operator()() const::{lambda()#2}::operator()() const::{lambda(signed char)#1}, std::array<char*, 2ul>, 4, TrivialOffsetCalculator<1, unsigned int>, TrivialOffsetCalculator<1, unsigned int>, at::native::memory::LoadWithCast<1>, at::native::memory::StoreWithCast<1> >(int, at::native::direct_copy_kernel_cuda(at::TensorIteratorBase&)::{lambda()#3}::operator()() const::{lambda()#2}::operator()() const::{lambda(signed char)#1}, std::array<char*, 2ul>, TrivialOffsetCalculator<1, unsigned int>, TrivialOffsetCalculator<1, unsigned int>, at::native::memory::LoadWithCast<1>, at::native::memory::StoreWithCast<1>)",288,DeviceType.CUDA,0,661.827000000017
"void at::native::vectorized_elementwise_kernel<4, at::native::reciprocal_kernel_cuda(at::TensorIteratorBase&)::{lambda()#1}::operator()() const::{lambda()#6}::operator()() const::{lambda(c10::BFloat16)#1}, std::array<char*, 2ul> >(int, at::native::reciprocal_kernel_cuda(at::TensorIteratorBase&)::{lambda()#1}::operator()() const::{lambda()#6}::operator()() const::{lambda(c10::BFloat16)#1}, std::array<char*, 2ul>)",144,DeviceType.CUDA,0,208.1600000000235
"void at::native::vectorized_elementwise_kernel<4, at::native::AUnaryFunctor<c10::BFloat16, c10::BFloat16, c10::BFloat16, at::native::binary_internal::MulFunctor<float> >, std::array<char*, 2ul> >(int, at::native::AUnaryFunctor<c10::BFloat16, c10::BFloat16, c10::BFloat16, at::native::binary_internal::MulFunctor<float> >, std::array<char*, 2ul>)",144,DeviceType.CUDA,0,174.49700000003077
"void at::native::elementwise_kernel<128, 4, at::native::gpu_kernel_impl_nocast<at::native::BinaryFunctor<c10::BFloat16, c10::BFloat16, c10::BFloat16, at::native::binary_internal::MulFunctor<float> > >(at::TensorIteratorBase&, at::native::BinaryFunctor<c10::BFloat16, c10::BFloat16, c10::BFloat16, at::native::binary_internal::MulFunctor<float> > const&)::{lambda(int)#1}>(int, at::native::gpu_kernel_impl_nocast<at::native::BinaryFunctor<c10::BFloat16, c10::BFloat16, c10::BFloat16, at::native::binary_internal::MulFunctor<float> > >(at::TensorIteratorBase&, at::native::BinaryFunctor<c10::BFloat16, c10::BFloat16, c10::BFloat16, at::native::binary_internal::MulFunctor<float> > const&)::{lambda(int)#1})",504,DeviceType.CUDA,0,1343.3560000000434
"void at::native::vectorized_elementwise_kernel<4, at::native::round_kernel_cuda(at::TensorIteratorBase&)::{lambda()#1}::operator()() const::{lambda()#4}::operator()() const::{lambda(c10::BFloat16)#1}, std::array<char*, 2ul> >(int, at::native::round_kernel_cuda(at::TensorIteratorBase&)::{lambda()#1}::operator()() const::{lambda()#4}::operator()() const::{lambda(c10::BFloat16)#1}, std::array<char*, 2ul>)",144,DeviceType.CUDA,0,186.97399999999288
"void at::native::elementwise_kernel<128, 4, at::native::gpu_kernel_impl<at::native::CUDAFunctor_add<c10::BFloat16> >(at::TensorIteratorBase&, at::native::CUDAFunctor_add<c10::BFloat16> const&)::{lambda(int)#1}>(int, at::native::gpu_kernel_impl<at::native::CUDAFunctor_add<c10::BFloat16> >(at::TensorIteratorBase&, at::native::CUDAFunctor_add<c10::BFloat16> const&)::{lambda(int)#1})",144,DeviceType.CUDA,0,560.4129999999955
"void at::native::elementwise_kernel<128, 4, at::native::gpu_kernel_impl_nocast<at::native::direct_copy_kernel_cuda(at::TensorIteratorBase&)::{lambda()#3}::operator()() const::{lambda()#2}::operator()() const::{lambda(signed char)#1}>(at::TensorIteratorBase&, at::native::direct_copy_kernel_cuda(at::TensorIteratorBase&)::{lambda()#3}::operator()() const::{lambda()#2}::operator()() const::{lambda(signed char)#1} const&)::{lambda(int)#1}>(int, at::native::gpu_kernel_impl_nocast<at::native::direct_copy_kernel_cuda(at::TensorIteratorBase&)::{lambda()#3}::operator()() const::{lambda()#2}::operator()() const::{lambda(signed char)#1}>(at::TensorIteratorBase&, at::native::direct_copy_kernel_cuda(at::TensorIteratorBase&)::{lambda()#3}::operator()() const::{lambda()#2}::operator()() const::{lambda(signed char)#1} const&)::{lambda(int)#1})",144,DeviceType.CUDA,0,2582.584000000085
void cutlass::Kernel2<cutlass_80_wmma_tensorop_i161616gemm_s8_forwardCompat_128x128_32x2_nn_align4>(cutlass_80_wmma_tensorop_i161616gemm_s8_forwardCompat_128x128_32x2_nn_align4::Params),144,DeviceType.CUDA,0,6407.783000000056
"void at::native::elementwise_kernel<128, 4, at::native::gpu_kernel_impl<at::native::BinaryFunctor<c10::BFloat16, c10::BFloat16, c10::BFloat16, at::native::binary_internal::MulFunctor<float> > >(at::TensorIteratorBase&, at::native::BinaryFunctor<c10::BFloat16, c10::BFloat16, c10::BFloat16, at::native::binary_internal::MulFunctor<float> > const&)::{lambda(int)#1}>(int, at::native::gpu_kernel_impl<at::native::BinaryFunctor<c10::BFloat16, c10::BFloat16, c10::BFloat16, at::native::binary_internal::MulFunctor<float> > >(at::TensorIteratorBase&, at::native::BinaryFunctor<c10::BFloat16, c10::BFloat16, c10::BFloat16, at::native::binary_internal::MulFunctor<float> > const&)::{lambda(int)#1})",144,DeviceType.CUDA,0,1580.320000000018
"void at::native::unrolled_elementwise_kernel<at::native::direct_copy_kernel_cuda(at::TensorIteratorBase&)::{lambda()#3}::operator()() const::{lambda()#4}::operator()() const::{lambda(long)#1}, std::array<char*, 2ul>, 4, TrivialOffsetCalculator<1, unsigned int>, TrivialOffsetCalculator<1, unsigned int>, at::native::memory::LoadWithCast<1>, at::native::memory::StoreWithCast<1> >(int, at::native::direct_copy_kernel_cuda(at::TensorIteratorBase&)::{lambda()#3}::operator()() const::{lambda()#4}::operator()() const::{lambda(long)#1}, std::array<char*, 2ul>, TrivialOffsetCalculator<1, unsigned int>, TrivialOffsetCalculator<1, unsigned int>, at::native::memory::LoadWithCast<1>, at::native::memory::StoreWithCast<1>)",144,DeviceType.CUDA,0,933.7549999998969
"void at::native::reduce_kernel<512, 1, at::native::ReduceOp<long, at::native::func_wrapper_t<long, at::native::sum_functor<long, long, long>::operator()(at::TensorIterator&)::{lambda(long, long)#1}>, unsigned int, long, 4, 4> >(at::native::ReduceOp<long, at::native::func_wrapper_t<long, at::native::sum_functor<long, long, long>::operator()(at::TensorIterator&)::{lambda(long, long)#1}>, unsigned int, long, 4, 4>)",144,DeviceType.CUDA,0,719.9370000000945
"void at::native::unrolled_elementwise_kernel<at::native::direct_copy_kernel_cuda(at::TensorIteratorBase&)::{lambda()#3}::operator()() const::{lambda()#12}::operator()() const::{lambda(c10::BFloat16)#1}, std::array<char*, 2ul>, 4, TrivialOffsetCalculator<1, unsigned int>, TrivialOffsetCalculator<1, unsigned int>, at::native::memory::LoadWithCast<1>, at::native::memory::StoreWithCast<1> >(int, at::native::direct_copy_kernel_cuda(at::TensorIteratorBase&)::{lambda()#3}::operator()() const::{lambda()#12}::operator()() const::{lambda(c10::BFloat16)#1}, std::array<char*, 2ul>, TrivialOffsetCalculator<1, unsigned int>, TrivialOffsetCalculator<1, unsigned int>, at::native::memory::LoadWithCast<1>, at::native::memory::StoreWithCast<1>)",288,DeviceType.CUDA,0,622.1969999998591
"void at::native::vectorized_elementwise_kernel<4, at::native::BinaryFunctor<c10::BFloat16, c10::BFloat16, c10::BFloat16, at::native::binary_internal::MulFunctor<float> >, std::array<char*, 3ul> >(int, at::native::BinaryFunctor<c10::BFloat16, c10::BFloat16, c10::BFloat16, at::native::binary_internal::MulFunctor<float> >, std::array<char*, 3ul>)",144,DeviceType.CUDA,0,183.2940000000608
"void pytorch_flash::flash_fwd_splitkv_kernel<Flash_fwd_kernel_traits<64, 64, 256, 4, false, false, cutlass::bfloat16_t, Flash_kernel_traits<64, 64, 256, 4, cutlass::bfloat16_t> >, false, false, false, false, true, false, true, false>(pytorch_flash::Flash_fwd_params)",36,DeviceType.CUDA,0,228.00099999999475
"void pytorch_flash::flash_fwd_splitkv_combine_kernel<Flash_fwd_kernel_traits<64, 64, 256, 4, false, false, cutlass::bfloat16_t, Flash_kernel_traits<64, 64, 256, 4, cutlass::bfloat16_t> >, 8, 1, true>(pytorch_flash::Flash_fwd_params)",36,DeviceType.CUDA,0,110.46500000000378
"void at::native::vectorized_elementwise_kernel<4, at::native::GeluCUDAKernelImpl(at::TensorIteratorBase&, at::native::GeluType)::{lambda()#2}::operator()() const::{lambda()#4}::operator()() const::{lambda(c10::BFloat16)#1}, std::array<char*, 2ul> >(int, at::native::GeluCUDAKernelImpl(at::TensorIteratorBase&, at::native::GeluType)::{lambda()#2}::operator()() const::{lambda()#4}::operator()() const::{lambda(c10::BFloat16)#1}, std::array<char*, 2ul>)",36,DeviceType.CUDA,0,73.82700000003115
aten::linalg_vector_norm,6,DeviceType.CPU,60.22399999998015,15.584999999999127
"void at::native::reduce_kernel<512, 1, at::native::ReduceOp<float, at::native::NormTwoOps<float, float, float, true>, unsigned int, float, 4, 4> >(at::native::ReduceOp<float, at::native::NormTwoOps<float, float, float, true>, unsigned int, float, 4, 4>)",6,DeviceType.CUDA,0,15.584999999999127
aten::clamp_min,6,DeviceType.CPU,30.24400000001333,7.198999999993248
"void at::native::vectorized_elementwise_kernel<4, at::native::(anonymous namespace)::launch_clamp_scalar(at::TensorIteratorBase&, c10::Scalar, c10::Scalar, at::native::detail::ClampLimits)::{lambda()#1}::operator()() const::{lambda()#7}::operator()() const::{lambda(float)#1}, std::array<char*, 2ul> >(int, at::native::(anonymous namespace)::launch_clamp_scalar(at::TensorIteratorBase&, c10::Scalar, c10::Scalar, at::native::detail::ClampLimits)::{lambda()#1}::operator()() const::{lambda()#7}::operator()() const::{lambda(float)#1}, std::array<char*, 2ul>)",6,DeviceType.CUDA,0,7.198999999993248
aten::expand_as,6,DeviceType.CPU,4.418999999994412,0
"void at::native::elementwise_kernel<128, 2, at::native::gpu_kernel_impl_nocast<at::native::BinaryFunctor<float, float, float, at::native::binary_internal::DivFunctor<float> > >(at::TensorIteratorBase&, at::native::BinaryFunctor<float, float, float, at::native::binary_internal::DivFunctor<float> > const&)::{lambda(int)#1}>(int, at::native::gpu_kernel_impl_nocast<at::native::BinaryFunctor<float, float, float, at::native::binary_internal::DivFunctor<float> > >(at::TensorIteratorBase&, at::native::BinaryFunctor<float, float, float, at::native::binary_internal::DivFunctor<float> > const&)::{lambda(int)#1})",6,DeviceType.CUDA,0,10.400000000001455
cudaDeviceSynchronize,4,DeviceType.CPU,31.830000000009022,0
